{"file:///storage/emulated/0/shahmiris":{"assets/images/logo.png":"aW1rnTfd2HATLLNHU9vS1Q==\n","assets/images/images-3-600x315-80.png":"7jxEeO0bw0gEq+3nzzBylQ==\n","assets/images/binary-open-source-600x471-37.png":"Q/tBFqyH3Ju8Zlkjsp6Mzg==\n","assets/images/images-2-600x290-52.png":"V+j33Hy9T9hGlfBzEIj1XA==\n","assets/images/images-1-600x299-69.png":"rRhtZSmPtv/p0xsDhAbDYQ==\n","assets/images/desktop.jpg":"0uG9XrOAFkYkeSjkoMj+Pw==\n","assets/images/coworkers.jpg":"/l243Axap5yCCU5d5274BA==\n","assets/images/jumbotron.jpg":"FAw51+lKdCJpBVeaCrApoQ==\n","assets/images/desert.jpg":"MOGjjfAwN2AzPcOERG+yMw==\n","assets/images/shahid-baya-20190210-120255-600x600-2.jpg":"ew17yehAax3zwpolji42ag==\n","assets/images/91-97977-21185-20190210-120454-600x600-68.jpg":"rYoGSWNolcLfSaLmYmcJ7w==\n","assets/web/assets/jquery/jquery.min.js":"muzqODC2XsrRA+6EvV/ilA==\n","assets/bootstrap/css/bootstrap.min.css":"NM5JRjudBrjMToddUDgMUQ==\n","assets/bootstrap/js/bootstrap.min.js":"DKdxssbVVAIdzBwBzcd+9g==\n","assets/tether/tether.min.css":"YhVaOUjL8Xsb9LQHyQq4Tw==\n","assets/tether/tether.min.js":"PlC291/0Eo8keLHUT4D9+w==\n","assets/theme/css/style.css":"2FIw+XTxcTKMwTuVNFg/0w==\n-Gol+5co+ha8KcrbkDZ1TqQ==\n","assets/smooth-scroll/smooth-scroll.js":"+VAxy5J347mUI4YSmrGfyA==\n","assets/dropdown/css/style.css":"/5ev1lVQ5aXyBGMZIck7Mw==\n","assets/dropdown/js/script.min.js":"XKwdlgq/KqgA8/xiKfaAVw==\n","assets/touch-swipe/jquery.touch-swipe.min.js":"9g/wVGnRdXmW2F9BctT/TQ==\n","assets/animate.css/animate.min.css":"F4tlGVjO/1VsvF81Xgi78Q==\n","assets/viewport-checker/jquery.viewportchecker.js":"SUB9oUTiFJgiSL1+0wyWDA==\n","assets/jarallax/jarallax.js":"zRNdJ2uAwjSxEot0s1di4g==\n","assets/formoid/formoid.min.js":"524auFsP6JR6lpzo5Xmk4A==\n"}}